{
  "n_cells_cargo": 220,
  "n_cells_atg11w19": 360,
  "cell_radius_cargo": 1.0000000000000001e-7,
  "cell_radius_atg11w19": 1.0000000000000001e-7,
  "diffusion_cargo": 5e-17,
  "diffusion_atg11w19": 8.800000000000001e-17,
  "temperature_atg11w19": 300.0,
  "temperature_cargo": 300.0,
  "potential_strength_cargo_cargo": 6e-12,
  "potential_strength_cargo_atg11w19": 0.0,
  "potential_strength_atg11w19_atg11w19": 5.500000000000001e-13,
  "interaction_range_cargo_cargo": 8.000000000000001e-8,
  "interaction_range_atg11w19_cargo": 1.2000000000000002e-7,
  "interaction_range_atg11w19_atg11w19": 8.000000000000001e-8,
  "relative_neighbour_distance": 1.5,
  "dt": 0.06,
  "t_max": 4800.0,
  "save_interval": 6.0,
  "extra_saves": [],
  "n_threads": 4,
  "domain_size": 5e-6,
  "domain_cargo_radius_max": 6.000000000000001e-7,
  "domain_atg11w19_radius_min": 6.5e-7,
  "domain_n_voxels": 5,
  "storage_name": "out/autophagy_param_space",
  "substitute_date": "0000000049",
  "cargo_initials_dir": "out/cargo_initials",
  "show_progressbar": false,
  "random_seed": 4
}